-- Mock Open Finance PostgreSQL seed data
-- Generated by generate_mock_openfinance_sql.py
BEGIN;

INSERT INTO users (id, name, tin, filing_status, has_disability, spouse_has_disability, spouse_working, assessment_year, created_at, updated_at) VALUES
    ('0cc3f1cd-3fb2-5808-a4fa-e25aad6b31df', 'Aiman Rahman', 'IG560128104321', 'SINGLE', FALSE, FALSE, NULL, 'YA2025', '2025-01-02 09:00:00', '2025-01-02 09:00:00'),
    ('0aab4d21-a609-54c2-a7c5-a395011b5b9c', 'Nurul Hassan', 'IG780416107654', 'MARRIED_JOINT', FALSE, FALSE, FALSE, 'YA2025', '2025-01-03 09:00:00', '2025-01-03 09:00:00'),
    ('aec212d1-066d-5760-8b5d-03816dcf15ee', 'Wei Jian Lim', 'IG840921105678', 'MARRIED_SEPARATE', FALSE, TRUE, TRUE, 'YA2025', '2025-01-04 09:00:00', '2025-01-04 09:00:00');

INSERT INTO dependents (id, user_id, relationship, name, age, has_disability, in_full_time_education, parent_medical_condition, created_at) VALUES
    ('9495cf61-6d41-5a63-9781-fe99e7159f68', '0cc3f1cd-3fb2-5808-a4fa-e25aad6b31df', 'CHILD', 'Aiman Child', 10, FALSE, TRUE, FALSE, '2025-01-02 09:00:00'),
    ('c85838bb-d784-5d5d-8ab2-3a12283de150', '0cc3f1cd-3fb2-5808-a4fa-e25aad6b31df', 'PARENT', 'Aiman Parent', 71, FALSE, FALSE, TRUE, '2025-01-02 09:00:00'),
    ('e7b38a79-d0df-563a-87b8-5cc6cd5e8724', '0aab4d21-a609-54c2-a7c5-a395011b5b9c', 'CHILD', 'Nurul Child', 4, FALSE, TRUE, FALSE, '2025-01-03 09:00:00'),
    ('a647a866-612f-53df-83f6-daf58245bcdd', '0aab4d21-a609-54c2-a7c5-a395011b5b9c', 'PARENT', 'Nurul Parent', 66, FALSE, FALSE, TRUE, '2025-01-03 09:00:00'),
    ('1558b98c-1dfe-5a21-a036-40b516b6dfde', 'aec212d1-066d-5760-8b5d-03816dcf15ee', 'CHILD', 'Wei Child', 4, FALSE, TRUE, FALSE, '2025-01-04 09:00:00'),
    ('1ab57227-f071-5d08-8a4d-d37bfa983464', 'aec212d1-066d-5760-8b5d-03816dcf15ee', 'PARENT', 'Wei Parent', 63, TRUE, FALSE, TRUE, '2025-01-04 09:00:00');

INSERT INTO connected_accounts (id, user_id, institution, account_ref, consent_id, consent_status, consent_expiry, created_at) VALUES
    ('69125482-dfe9-5f39-997f-36fb068fd4ad', '0cc3f1cd-3fb2-5808-a4fa-e25aad6b31df', 'MAYBANK', 'ACC-***-7890', 'CONSENT-2025-001-01', 'ACTIVE', '2025-12-31', '2025-01-02 09:00:00'),
    ('61b26aca-daa7-539e-8010-30a9669dfef7', '0cc3f1cd-3fb2-5808-a4fa-e25aad6b31df', 'CIMB', 'ACC-***-4321', 'CONSENT-2025-001-02', 'ACTIVE', '2025-12-31', '2025-01-02 09:00:00'),
    ('7ff53889-ce3e-51b4-8a77-6aaf4728e04d', '0aab4d21-a609-54c2-a7c5-a395011b5b9c', 'MAYBANK', 'ACC-***-7890', 'CONSENT-2025-002-01', 'ACTIVE', '2025-12-31', '2025-01-03 09:00:00'),
    ('3f18a748-b416-5ab8-9b76-3d600dd8e05d', '0aab4d21-a609-54c2-a7c5-a395011b5b9c', 'CIMB', 'ACC-***-4321', 'CONSENT-2025-002-02', 'ACTIVE', '2025-12-31', '2025-01-03 09:00:00'),
    ('1b6a4802-6fee-5680-9613-ebb826d1df0a', 'aec212d1-066d-5760-8b5d-03816dcf15ee', 'MAYBANK', 'ACC-***-7890', 'CONSENT-2025-003-01', 'ACTIVE', '2025-12-31', '2025-01-04 09:00:00'),
    ('c24b932e-17e5-51e0-9d12-c4bec9dde856', 'aec212d1-066d-5760-8b5d-03816dcf15ee', 'CIMB', 'ACC-***-4321', 'CONSENT-2025-003-02', 'ACTIVE', '2025-12-31', '2025-01-04 09:00:00');

INSERT INTO tax_relief_categories (id, assessment_year, relief_code, category_name, max_amount, sub_limit, parent_relief_code, auto_applied, description) VALUES
    ('301ebc9c-2ea4-5ec3-998a-ff472a6c7e68', 'YA2025', 'INDIVIDUAL', 'Individual and dependent relatives', 9000.00, NULL, NULL, TRUE, 'Automatic individual relief.'),
    ('353db976-7ef3-527d-aa9f-fb6874c2290c', 'YA2025', 'MEDICAL_SELF', 'Medical expenses for self, spouse, or child', 10000.00, NULL, NULL, FALSE, 'Medical treatment, consultation, medicine, and diagnostic tests.'),
    ('438eac6e-cab1-5bf4-b9e3-b98ea3abd469', 'YA2025', 'LIFESTYLE', 'Lifestyle expenses', 2500.00, NULL, NULL, FALSE, 'Books, sports equipment, internet subscriptions, and related purchases.'),
    ('d6b4333b-ba8b-5072-9704-0f25c4249603', 'YA2025', 'EDUCATION_SELF', 'Education fees for self', 7000.00, NULL, NULL, FALSE, 'Approved tertiary and professional education expenses.'),
    ('d9ef9d01-9c30-5aa2-9589-7ab0c8e2ca71', 'YA2025', 'CHILDCARE', 'Childcare fees', 3000.00, NULL, NULL, FALSE, 'Registered childcare centre and kindergarten fees.'),
    ('389b4774-f1a5-5f6b-8654-614e50b45583', 'YA2025', 'PARENT_MEDICAL', 'Medical treatment for parents', 8000.00, NULL, NULL, FALSE, 'Medical treatment and care expenses for parents.');

INSERT INTO classification_relief_mapping (id, classification_code, relief_code, assessment_year, confidence) VALUES
    ('5a8531a0-ee5c-5309-89aa-815965d622b5', '86101', 'MEDICAL_SELF', 'YA2025', 1.00),
    ('eb22e3ea-8536-546d-af59-dc5650074e5c', '86903', 'MEDICAL_SELF', 'YA2025', 1.00),
    ('61a36d24-568d-594b-ab69-b85f8a2f4e6e', '21009', 'MEDICAL_SELF', 'YA2025', 1.00),
    ('d3838079-733f-5221-9c89-1e537472c789', '47610', 'LIFESTYLE', 'YA2025', 1.00),
    ('e292af07-3b25-54f8-a710-799d33c0e629', '47640', 'LIFESTYLE', 'YA2025', 1.00),
    ('5bd765b6-242b-541a-be8c-ee0feb995b95', '61103', 'LIFESTYLE', 'YA2025', 1.00),
    ('9d1abc0f-380d-54cd-8874-a6c4f763c889', '85499', 'EDUCATION_SELF', 'YA2025', 1.00),
    ('2f78a1b7-6964-5f27-80f8-1c37cabdc24a', '85101', 'CHILDCARE', 'YA2025', 1.00),
    ('31b463ba-3868-5942-b94b-21093405fbd6', '86102', 'PARENT_MEDICAL', 'YA2025', 1.00);

INSERT INTO financial_records (id, user_id, record_id, date, amount, currency, direction, institution, account_ref, transaction_ref, payment_method, created_at) VALUES
    ('3e4127d8-576d-5b91-a1ef-87c99205115c', '0cc3f1cd-3fb2-5808-a4fa-e25aad6b31df', 'REC-2025-001-0001', '2025-09-24', 1121.43, 'MYR', 'OUTFLOW', 'CIMB', 'ACC-***-4321', 'FPX-20250924-001001', 'FPX', '2025-09-24 00:00:00'),
    ('6464ceb6-67cb-5e85-b390-dd46479f8e2e', '0cc3f1cd-3fb2-5808-a4fa-e25aad6b31df', 'REC-2025-001-0002', '2025-01-13', 202.70, 'MYR', 'OUTFLOW', 'RHB', 'ACC-***-1298', 'DUITNOW-20250113-001002', 'DUITNOW', '2025-01-13 00:00:00'),
    ('d265411d-a74d-5670-843d-54725444166c', '0cc3f1cd-3fb2-5808-a4fa-e25aad6b31df', 'REC-2025-001-0003', '2025-09-04', 1549.29, 'MYR', 'OUTFLOW', 'CIMB', 'ACC-***-4321', 'FPX-20250904-001003', 'FPX', '2025-09-04 00:00:00'),
    ('ca909fdc-daae-55f4-8fca-e2435db76461', '0cc3f1cd-3fb2-5808-a4fa-e25aad6b31df', 'REC-2025-001-0004', '2025-07-26', 455.15, 'MYR', 'OUTFLOW', 'RHB', 'ACC-***-1298', 'DUITNOW-20250726-001004', 'DUITNOW', '2025-07-26 00:00:00'),
    ('57cf138e-f838-55a1-aa67-3ea08ff72210', '0cc3f1cd-3fb2-5808-a4fa-e25aad6b31df', 'REC-2025-001-0005', '2025-05-07', 325.47, 'MYR', 'OUTFLOW', 'CIMB', 'ACC-***-4321', 'FPX-20250507-001005', 'FPX', '2025-05-07 00:00:00'),
    ('14c7c9b5-e6e5-51f9-8055-89c2252bb2e4', '0cc3f1cd-3fb2-5808-a4fa-e25aad6b31df', 'REC-2025-001-0006', '2025-04-21', 656.97, 'MYR', 'OUTFLOW', 'RHB', 'ACC-***-1298', 'DUITNOW-20250421-001006', 'DUITNOW', '2025-04-21 00:00:00'),
    ('989357c9-a198-5dda-994a-6d7aeebc7d8e', '0cc3f1cd-3fb2-5808-a4fa-e25aad6b31df', 'REC-2025-001-0007', '2025-07-17', 850.15, 'MYR', 'OUTFLOW', 'RHB', 'ACC-***-1298', 'DUITNOW-20250717-001007', 'DUITNOW', '2025-07-17 00:00:00'),
    ('996e369e-deb2-5aca-8855-08c882330bc7', '0cc3f1cd-3fb2-5808-a4fa-e25aad6b31df', 'REC-2025-001-0008', '2025-04-04', 647.02, 'MYR', 'OUTFLOW', 'CIMB', 'ACC-***-4321', 'FPX-20250404-001008', 'FPX', '2025-04-04 00:00:00'),
    ('78b4639b-6c2b-50e1-a513-c194f1c2e681', '0cc3f1cd-3fb2-5808-a4fa-e25aad6b31df', 'REC-2025-001-0009', '2025-09-26', 152.02, 'MYR', 'OUTFLOW', 'MAYBANK', 'ACC-***-7890', 'DEBIT_CARD-20250926-001009', 'DEBIT_CARD', '2025-09-26 00:00:00'),
    ('4347f009-a272-5860-be70-61de24f0e1f7', '0cc3f1cd-3fb2-5808-a4fa-e25aad6b31df', 'REC-2025-001-0010', '2025-06-30', 779.57, 'MYR', 'OUTFLOW', 'MAYBANK', 'ACC-***-7890', 'DEBIT_CARD-20250630-001010', 'DEBIT_CARD', '2025-06-30 00:00:00'),
    ('3ee0785f-c858-5fbb-8e7c-9286d693260d', '0cc3f1cd-3fb2-5808-a4fa-e25aad6b31df', 'REC-2025-001-0011', '2025-09-05', 3476.48, 'MYR', 'OUTFLOW', 'CIMB', 'ACC-***-4321', 'FPX-20250905-001011', 'FPX', '2025-09-05 00:00:00'),
    ('71460aef-76a9-5593-bd19-b714b326fcbb', '0cc3f1cd-3fb2-5808-a4fa-e25aad6b31df', 'REC-2025-001-0012', '2025-06-22', 219.03, 'MYR', 'OUTFLOW', 'RHB', 'ACC-***-1298', 'DUITNOW-20250622-001012', 'DUITNOW', '2025-06-22 00:00:00'),
    ('383dfc0b-dbe9-5206-bade-41c873342ca6', '0aab4d21-a609-54c2-a7c5-a395011b5b9c', 'REC-2025-002-0001', '2025-09-27', 125.22, 'MYR', 'OUTFLOW', 'RHB', 'ACC-***-1298', 'DUITNOW-20250927-002001', 'DUITNOW', '2025-09-27 00:00:00'),
    ('68bc35da-faf0-5913-87f5-4753fe21db08', '0aab4d21-a609-54c2-a7c5-a395011b5b9c', 'REC-2025-002-0002', '2025-09-30', 469.58, 'MYR', 'OUTFLOW', 'RHB', 'ACC-***-1298', 'DUITNOW-20250930-002002', 'DUITNOW', '2025-09-30 00:00:00'),
    ('cb1952ea-7662-5d0e-a2bf-9622ec4d3317', '0aab4d21-a609-54c2-a7c5-a395011b5b9c', 'REC-2025-002-0003', '2025-02-14', 3613.44, 'MYR', 'OUTFLOW', 'MAYBANK', 'ACC-***-7890', 'DEBIT_CARD-20250214-002003', 'DEBIT_CARD', '2025-02-14 00:00:00'),
    ('1e3f216b-d898-5a45-a68d-91b021dcf689', '0aab4d21-a609-54c2-a7c5-a395011b5b9c', 'REC-2025-002-0004', '2025-04-11', 185.92, 'MYR', 'OUTFLOW', 'MAYBANK', 'ACC-***-7890', 'DEBIT_CARD-20250411-002004', 'DEBIT_CARD', '2025-04-11 00:00:00'),
    ('299fabf3-8c5a-584a-9a86-befdd45e68b8', '0aab4d21-a609-54c2-a7c5-a395011b5b9c', 'REC-2025-002-0005', '2025-01-18', 144.16, 'MYR', 'OUTFLOW', 'CIMB', 'ACC-***-4321', 'FPX-20250118-002005', 'FPX', '2025-01-18 00:00:00'),
    ('1af480a8-278b-5aaf-bc1d-01ef72331bfd', '0aab4d21-a609-54c2-a7c5-a395011b5b9c', 'REC-2025-002-0006', '2025-10-10', 166.04, 'MYR', 'OUTFLOW', 'MAYBANK', 'ACC-***-7890', 'DEBIT_CARD-20251010-002006', 'DEBIT_CARD', '2025-10-10 00:00:00'),
    ('96fbeb04-b95a-5131-935b-4b9a4ce82b66', '0aab4d21-a609-54c2-a7c5-a395011b5b9c', 'REC-2025-002-0007', '2025-07-22', 2999.78, 'MYR', 'OUTFLOW', 'RHB', 'ACC-***-1298', 'DUITNOW-20250722-002007', 'DUITNOW', '2025-07-22 00:00:00'),
    ('a7b11d20-1112-5727-a834-6db83b469980', '0aab4d21-a609-54c2-a7c5-a395011b5b9c', 'REC-2025-002-0008', '2025-05-23', 1899.14, 'MYR', 'OUTFLOW', 'MAYBANK', 'ACC-***-7890', 'DEBIT_CARD-20250523-002008', 'DEBIT_CARD', '2025-05-23 00:00:00'),
    ('1dcc9ad6-afa5-5d10-a83a-139c422e8ddb', '0aab4d21-a609-54c2-a7c5-a395011b5b9c', 'REC-2025-002-0009', '2025-05-25', 1869.16, 'MYR', 'OUTFLOW', 'CIMB', 'ACC-***-4321', 'FPX-20250525-002009', 'FPX', '2025-05-25 00:00:00'),
    ('515a4daf-8052-5d01-aaf4-a0b1e7df126c', '0aab4d21-a609-54c2-a7c5-a395011b5b9c', 'REC-2025-002-0010', '2025-01-19', 1933.98, 'MYR', 'OUTFLOW', 'RHB', 'ACC-***-1298', 'DUITNOW-20250119-002010', 'DUITNOW', '2025-01-19 00:00:00'),
    ('adcba43d-0e18-55d5-af09-c997af13ba57', '0aab4d21-a609-54c2-a7c5-a395011b5b9c', 'REC-2025-002-0011', '2025-01-20', 166.75, 'MYR', 'OUTFLOW', 'RHB', 'ACC-***-1298', 'DUITNOW-20250120-002011', 'DUITNOW', '2025-01-20 00:00:00'),
    ('e477e45b-c580-5522-b124-f6dbd108811c', '0aab4d21-a609-54c2-a7c5-a395011b5b9c', 'REC-2025-002-0012', '2025-10-08', 572.18, 'MYR', 'OUTFLOW', 'CIMB', 'ACC-***-4321', 'FPX-20251008-002012', 'FPX', '2025-10-08 00:00:00'),
    ('1e8e258b-e0c1-51fd-b199-6dad4a3111df', 'aec212d1-066d-5760-8b5d-03816dcf15ee', 'REC-2025-003-0001', '2025-10-10', 482.16, 'MYR', 'OUTFLOW', 'MAYBANK', 'ACC-***-7890', 'DEBIT_CARD-20251010-003001', 'DEBIT_CARD', '2025-10-10 00:00:00'),
    ('6d97a01a-9cc0-5e72-812b-5f92c53df79d', 'aec212d1-066d-5760-8b5d-03816dcf15ee', 'REC-2025-003-0002', '2025-11-16', 1369.89, 'MYR', 'OUTFLOW', 'MAYBANK', 'ACC-***-7890', 'DEBIT_CARD-20251116-003002', 'DEBIT_CARD', '2025-11-16 00:00:00'),
    ('bfd62ec0-0507-5b1d-80cc-f553a0c040f9', 'aec212d1-066d-5760-8b5d-03816dcf15ee', 'REC-2025-003-0003', '2025-10-13', 1510.79, 'MYR', 'OUTFLOW', 'MAYBANK', 'ACC-***-7890', 'DEBIT_CARD-20251013-003003', 'DEBIT_CARD', '2025-10-13 00:00:00'),
    ('4242468e-fd0e-56ea-9be3-a355844e866a', 'aec212d1-066d-5760-8b5d-03816dcf15ee', 'REC-2025-003-0004', '2025-07-18', 137.89, 'MYR', 'OUTFLOW', 'MAYBANK', 'ACC-***-7890', 'DEBIT_CARD-20250718-003004', 'DEBIT_CARD', '2025-07-18 00:00:00'),
    ('3f79e76d-c3b6-509c-bb73-d6724de3d81d', 'aec212d1-066d-5760-8b5d-03816dcf15ee', 'REC-2025-003-0005', '2025-01-15', 162.47, 'MYR', 'OUTFLOW', 'RHB', 'ACC-***-1298', 'DUITNOW-20250115-003005', 'DUITNOW', '2025-01-15 00:00:00'),
    ('e92e2fc6-35aa-52cf-b998-a34f66900603', 'aec212d1-066d-5760-8b5d-03816dcf15ee', 'REC-2025-003-0006', '2025-01-21', 172.48, 'MYR', 'OUTFLOW', 'RHB', 'ACC-***-1298', 'DUITNOW-20250121-003006', 'DUITNOW', '2025-01-21 00:00:00'),
    ('8d5bd3ad-bb41-5e59-9b86-71dcaf3a9ddd', 'aec212d1-066d-5760-8b5d-03816dcf15ee', 'REC-2025-003-0007', '2025-05-26', 136.92, 'MYR', 'OUTFLOW', 'RHB', 'ACC-***-1298', 'DUITNOW-20250526-003007', 'DUITNOW', '2025-05-26 00:00:00'),
    ('88ed0db1-dd7d-572b-9711-bf8a0566e4c3', 'aec212d1-066d-5760-8b5d-03816dcf15ee', 'REC-2025-003-0008', '2025-05-08', 981.01, 'MYR', 'OUTFLOW', 'CIMB', 'ACC-***-4321', 'FPX-20250508-003008', 'FPX', '2025-05-08 00:00:00'),
    ('7399f146-1bf6-563d-a935-13d0f4e01a04', 'aec212d1-066d-5760-8b5d-03816dcf15ee', 'REC-2025-003-0009', '2025-08-15', 422.85, 'MYR', 'OUTFLOW', 'MAYBANK', 'ACC-***-7890', 'DEBIT_CARD-20250815-003009', 'DEBIT_CARD', '2025-08-15 00:00:00'),
    ('e79d39e2-42d5-5e5d-99ca-51b78f7497f2', 'aec212d1-066d-5760-8b5d-03816dcf15ee', 'REC-2025-003-0010', '2025-04-03', 775.25, 'MYR', 'OUTFLOW', 'CIMB', 'ACC-***-4321', 'FPX-20250403-003010', 'FPX', '2025-04-03 00:00:00'),
    ('8758bc93-bd25-58f8-87df-7d2049b1bec1', 'aec212d1-066d-5760-8b5d-03816dcf15ee', 'REC-2025-003-0011', '2025-03-30', 898.80, 'MYR', 'OUTFLOW', 'RHB', 'ACC-***-1298', 'DUITNOW-20250330-003011', 'DUITNOW', '2025-03-30 00:00:00'),
    ('c71bd86a-e6b5-50a5-ae29-db7dec4ad8d1', 'aec212d1-066d-5760-8b5d-03816dcf15ee', 'REC-2025-003-0012', '2025-06-20', 149.41, 'MYR', 'OUTFLOW', 'CIMB', 'ACC-***-4321', 'FPX-20250620-003012', 'FPX', '2025-06-20 00:00:00');

INSERT INTO invoices (id, financial_record_id, uuid, invoice_number, status, supplier_name, supplier_tin, supplier_registration_no, total_amount, issue_date, created_at) VALUES
    ('0d96adcd-7a82-506d-8f62-7a4969806d55', '3e4127d8-576d-5b91-a1ef-87c99205115c', 'INV-UUID-2025-001-0001', 'INV-20250001-001', 'VALID', 'SUNWAY MEDICAL CENTRE SDN BHD', 'C20051012345', '200501012345', 1121.43, '2025-09-24', '2025-09-24 00:00:00'),
    ('c8b571cc-068c-59fd-b948-576d4b36440b', '6464ceb6-67cb-5e85-b390-dd46479f8e2e', 'INV-UUID-2025-001-0002', 'INV-20250002-001', 'VALID', 'MPH BOOKSTORES SDN BHD', 'C19901005678', '199001005678', 202.70, '2025-01-13', '2025-01-13 00:00:00'),
    ('203d74c7-61cc-5297-91b6-7b9687f6d4b3', 'd265411d-a74d-5670-843d-54725444166c', 'INV-UUID-2025-001-0003', 'INV-20250003-001', 'VALID', 'MPH BOOKSTORES SDN BHD', 'C19901005678', '199001005678', 1549.29, '2025-09-04', '2025-09-04 00:00:00'),
    ('62756699-d38c-50b9-be7f-26c188924993', 'ca909fdc-daae-55f4-8fca-e2435db76461', 'INV-UUID-2025-001-0004', 'INV-20250004-001', 'VALID', 'TIME DOTCOM BERHAD', 'C199601040939', '199601040939', 455.15, '2025-07-26', '2025-07-26 00:00:00'),
    ('098ce024-2280-58e1-a7ba-b65eccfb8d73', '57cf138e-f838-55a1-aa67-3ea08ff72210', 'INV-UUID-2025-001-0005', 'INV-20250005-001', 'VALID', 'DECATHLON MALAYSIA SDN BHD', 'C20171234567', '201701023456', 325.47, '2025-05-07', '2025-05-07 00:00:00'),
    ('353186c8-aa9a-5081-a369-0c5087583029', '14c7c9b5-e6e5-51f9-8055-89c2252bb2e4', 'INV-UUID-2025-001-0006', 'INV-20250006-001', 'VALID', 'ASIA PACIFIC UNIVERSITY SDN BHD', 'C19930101222', '199301001222', 656.97, '2025-04-21', '2025-04-21 00:00:00'),
    ('6b941d2e-3990-5a20-8a9a-b06f9ab39767', '989357c9-a198-5dda-994a-6d7aeebc7d8e', 'INV-UUID-2025-001-0007', 'INV-20250007-001', 'VALID', 'BP HEALTHCARE GROUP', 'C19820107777', '198201007777', 850.15, '2025-07-17', '2025-07-17 00:00:00'),
    ('28e0204d-5902-5692-a80e-021d48c6ca84', '996e369e-deb2-5aca-8855-08c882330bc7', 'INV-UUID-2025-001-0008', 'INV-20250008-001', 'VALID', 'DECATHLON MALAYSIA SDN BHD', 'C20171234567', '201701023456', 647.02, '2025-04-04', '2025-04-04 00:00:00'),
    ('e52ccdd2-da2a-5819-884e-67de4fe18dd2', '78b4639b-6c2b-50e1-a513-c194f1c2e681', 'INV-UUID-2025-001-0009', 'INV-20250009-001', 'VALID', 'TIME DOTCOM BERHAD', 'C199601040939', '199601040939', 152.02, '2025-09-26', '2025-09-26 00:00:00'),
    ('6bc09df7-afbc-5b75-883c-26e59d4f7d9f', '4347f009-a272-5860-be70-61de24f0e1f7', 'INV-UUID-2025-001-0010', 'INV-20250010-001', 'VALID', 'BRIGHTKIDS KINDERGARTEN SDN BHD', 'C20190104567', '201901004567', 779.57, '2025-06-30', '2025-06-30 00:00:00'),
    ('6ed5df91-043b-5cd9-943d-8f55f311a19d', '3ee0785f-c858-5fbb-8e7c-9286d693260d', 'INV-UUID-2025-001-0011', 'INV-20250011-001', 'VALID', 'ASIA PACIFIC UNIVERSITY SDN BHD', 'C19930101222', '199301001222', 3476.48, '2025-09-05', '2025-09-05 00:00:00'),
    ('e3df4f3e-2edc-52fd-8292-115cb78c2cdc', '71460aef-76a9-5593-bd19-b714b326fcbb', 'INV-UUID-2025-001-0012', 'INV-20250012-001', 'VALID', 'SUNWAY MEDICAL CENTRE SDN BHD', 'C20051012345', '200501012345', 219.03, '2025-06-22', '2025-06-22 00:00:00'),
    ('50624162-a154-59d8-bf4e-308e069c38c4', '383dfc0b-dbe9-5206-bade-41c873342ca6', 'INV-UUID-2025-002-0001', 'INV-20250001-002', 'VALID', 'MPH BOOKSTORES SDN BHD', 'C19901005678', '199001005678', 125.22, '2025-09-27', '2025-09-27 00:00:00'),
    ('97448d64-8286-5f66-b2a1-d7e73e08f612', '68bc35da-faf0-5913-87f5-4753fe21db08', 'INV-UUID-2025-002-0002', 'INV-20250002-002', 'VALID', 'DECATHLON MALAYSIA SDN BHD', 'C20171234567', '201701023456', 469.58, '2025-09-30', '2025-09-30 00:00:00'),
    ('532a980d-c3be-51c2-a44d-f43533e54f7c', 'cb1952ea-7662-5d0e-a2bf-9622ec4d3317', 'INV-UUID-2025-002-0003', 'INV-20250003-002', 'VALID', 'ASIA PACIFIC UNIVERSITY SDN BHD', 'C19930101222', '199301001222', 3613.44, '2025-02-14', '2025-02-14 00:00:00'),
    ('53a378eb-4c0c-55ab-b933-6749a3f27465', '1e3f216b-d898-5a45-a68d-91b021dcf689', 'INV-UUID-2025-002-0004', 'INV-20250004-002', 'VALID', 'TIME DOTCOM BERHAD', 'C199601040939', '199601040939', 185.92, '2025-04-11', '2025-04-11 00:00:00'),
    ('3ee5059e-bb5d-53bf-ad5b-53f5253fc185', '299fabf3-8c5a-584a-9a86-befdd45e68b8', 'INV-UUID-2025-002-0005', 'INV-20250005-002', 'VALID', 'CARING PHARMACY SDN BHD', 'C19940101234', '199401001234', 144.16, '2025-01-18', '2025-01-18 00:00:00'),
    ('9e92e4bf-f7f5-5c16-bdae-10e3efac75dd', '1af480a8-278b-5aaf-bc1d-01ef72331bfd', 'INV-UUID-2025-002-0006', 'INV-20250006-002', 'VALID', 'BP HEALTHCARE GROUP', 'C19820107777', '198201007777', 166.04, '2025-10-10', '2025-10-10 00:00:00'),
    ('dd8f4e0c-d6c9-53da-8a5f-72b3a0d48f19', '96fbeb04-b95a-5131-935b-4b9a4ce82b66', 'INV-UUID-2025-002-0007', 'INV-20250007-002', 'VALID', 'PANTAI HOSPITAL KUALA LUMPUR', 'C19740101234', '197401001234', 2999.78, '2025-07-22', '2025-07-22 00:00:00'),
    ('0c1215d5-88b9-5d9d-9be8-25b683eb50a7', 'a7b11d20-1112-5727-a834-6db83b469980', 'INV-UUID-2025-002-0008', 'INV-20250008-002', 'VALID', 'PANTAI HOSPITAL KUALA LUMPUR', 'C19740101234', '197401001234', 1899.14, '2025-05-23', '2025-05-23 00:00:00'),
    ('3e04adc2-89d4-56c5-b846-eb859183dc22', '1dcc9ad6-afa5-5d10-a83a-139c422e8ddb', 'INV-UUID-2025-002-0009', 'INV-20250009-002', 'VALID', 'ASIA PACIFIC UNIVERSITY SDN BHD', 'C19930101222', '199301001222', 1869.16, '2025-05-25', '2025-05-25 00:00:00'),
    ('d24d5cdb-65b7-5117-9809-104f4a9319f3', '515a4daf-8052-5d01-aaf4-a0b1e7df126c', 'INV-UUID-2025-002-0010', 'INV-20250010-002', 'VALID', 'ASIA PACIFIC UNIVERSITY SDN BHD', 'C19930101222', '199301001222', 1933.98, '2025-01-19', '2025-01-19 00:00:00'),
    ('662d05f7-61ac-5438-95fc-923b6baa6be1', 'adcba43d-0e18-55d5-af09-c997af13ba57', 'INV-UUID-2025-002-0011', 'INV-20250011-002', 'VALID', 'SUNWAY MEDICAL CENTRE SDN BHD', 'C20051012345', '200501012345', 166.75, '2025-01-20', '2025-01-20 00:00:00'),
    ('60ba8a3d-0164-5819-93ae-debfde855f79', 'e477e45b-c580-5522-b124-f6dbd108811c', 'INV-UUID-2025-002-0012', 'INV-20250012-002', 'VALID', 'DECATHLON MALAYSIA SDN BHD', 'C20171234567', '201701023456', 572.18, '2025-10-08', '2025-10-08 00:00:00'),
    ('6a90c1d2-d500-55e5-a4c5-78f580e13413', '1e8e258b-e0c1-51fd-b199-6dad4a3111df', 'INV-UUID-2025-003-0001', 'INV-20250001-003', 'VALID', 'TIME DOTCOM BERHAD', 'C199601040939', '199601040939', 482.16, '2025-10-10', '2025-10-10 00:00:00'),
    ('4cdd48f1-a275-5c3e-9cd3-f20511d44b69', '6d97a01a-9cc0-5e72-812b-5f92c53df79d', 'INV-UUID-2025-003-0002', 'INV-20250002-003', 'VALID', 'PANTAI HOSPITAL KUALA LUMPUR', 'C19740101234', '197401001234', 1369.89, '2025-11-16', '2025-11-16 00:00:00'),
    ('49a1cd65-2ddd-579b-93c9-7fedc2d4b79a', 'bfd62ec0-0507-5b1d-80cc-f553a0c040f9', 'INV-UUID-2025-003-0003', 'INV-20250003-003', 'VALID', 'ASIA PACIFIC UNIVERSITY SDN BHD', 'C19930101222', '199301001222', 1510.79, '2025-10-13', '2025-10-13 00:00:00'),
    ('d6c594b0-f88f-5059-b527-7ff7dadaa615', '4242468e-fd0e-56ea-9be3-a355844e866a', 'INV-UUID-2025-003-0004', 'INV-20250004-003', 'VALID', 'TIME DOTCOM BERHAD', 'C199601040939', '199601040939', 137.89, '2025-07-18', '2025-07-18 00:00:00'),
    ('10b922b2-3b10-52f2-b49a-4783974adbdb', '3f79e76d-c3b6-509c-bb73-d6724de3d81d', 'INV-UUID-2025-003-0005', 'INV-20250005-003', 'VALID', 'SUNWAY MEDICAL CENTRE SDN BHD', 'C20051012345', '200501012345', 162.47, '2025-01-15', '2025-01-15 00:00:00'),
    ('f28519bd-b1fa-55c2-8a90-751042f81ba4', 'e92e2fc6-35aa-52cf-b998-a34f66900603', 'INV-UUID-2025-003-0006', 'INV-20250006-003', 'VALID', 'SUNWAY MEDICAL CENTRE SDN BHD', 'C20051012345', '200501012345', 172.48, '2025-01-21', '2025-01-21 00:00:00'),
    ('b5986ac8-fe21-5898-a8fb-2b1dd66e9e1b', '8d5bd3ad-bb41-5e59-9b86-71dcaf3a9ddd', 'INV-UUID-2025-003-0007', 'INV-20250007-003', 'VALID', 'TIME DOTCOM BERHAD', 'C199601040939', '199601040939', 136.92, '2025-05-26', '2025-05-26 00:00:00'),
    ('ed04800b-8f5d-5aa8-b4b6-3e2bbc797043', '88ed0db1-dd7d-572b-9711-bf8a0566e4c3', 'INV-UUID-2025-003-0008', 'INV-20250008-003', 'VALID', 'ASIA PACIFIC UNIVERSITY SDN BHD', 'C19930101222', '199301001222', 981.01, '2025-05-08', '2025-05-08 00:00:00'),
    ('7876182f-c37a-5f94-9b60-937eb916bd03', '7399f146-1bf6-563d-a935-13d0f4e01a04', 'INV-UUID-2025-003-0009', 'INV-20250009-003', 'VALID', 'DECATHLON MALAYSIA SDN BHD', 'C20171234567', '201701023456', 422.85, '2025-08-15', '2025-08-15 00:00:00'),
    ('4a01411d-f6b5-5f2f-8739-b5c664790b6e', 'e79d39e2-42d5-5e5d-99ca-51b78f7497f2', 'INV-UUID-2025-003-0010', 'INV-20250010-003', 'VALID', 'BRIGHTKIDS KINDERGARTEN SDN BHD', 'C20190104567', '201901004567', 775.25, '2025-04-03', '2025-04-03 00:00:00'),
    ('0f497dba-b24a-5389-879d-2f804044da05', '8758bc93-bd25-58f8-87df-7d2049b1bec1', 'INV-UUID-2025-003-0011', 'INV-20250011-003', 'VALID', 'PANTAI HOSPITAL KUALA LUMPUR', 'C19740101234', '197401001234', 898.80, '2025-03-30', '2025-03-30 00:00:00'),
    ('f9b424a7-44f7-590d-95d6-b1e0a8b5fe06', 'c71bd86a-e6b5-50a5-ae29-db7dec4ad8d1', 'INV-UUID-2025-003-0012', 'INV-20250012-003', 'VALID', 'BP HEALTHCARE GROUP', 'C19820107777', '198201007777', 149.41, '2025-06-20', '2025-06-20 00:00:00');

INSERT INTO invoice_line_items (id, invoice_id, description, classification_code, quantity, unit_price, tax_amount, total_amount, created_at) VALUES
    ('f03e35ce-0661-5a60-ab2f-14a50d7cde55', '0d96adcd-7a82-506d-8f62-7a4969806d55', 'General Consultation', '86101', 1, 118.83, 0.00, 118.83, '2025-09-24 00:00:00'),
    ('aa0e3461-4654-5277-94b6-c007dbad765f', '0d96adcd-7a82-506d-8f62-7a4969806d55', 'Blood Test Full Panel', '86903', 1, 270.67, 0.00, 270.67, '2025-09-24 00:00:00'),
    ('4fcef307-ac5b-5b0f-a80a-1b35166332fc', '0d96adcd-7a82-506d-8f62-7a4969806d55', 'Kindergarten Monthly Fee', '85101', 1, 731.93, 0.00, 731.93, '2025-09-24 00:00:00'),
    ('e90917f6-e9da-5f6d-9b96-32cb9a29b0b2', 'c8b571cc-068c-59fd-b948-576d4b36440b', 'Personal Finance Book', '47610', 1, 63.77, 0.00, 63.77, '2025-01-13 00:00:00'),
    ('fe184528-6fac-5c26-9346-7f0bcc2bf6ae', 'c8b571cc-068c-59fd-b948-576d4b36440b', 'Monthly Internet Subscription', '61103', 1, 138.93, 0.00, 138.93, '2025-01-13 00:00:00'),
    ('4a8dae33-f987-5fd7-90fe-4d2221d006dd', '203d74c7-61cc-5297-91b6-7b9687f6d4b3', 'Personal Finance Book', '47610', 1, 81.05, 0.00, 81.05, '2025-09-04 00:00:00'),
    ('503a493e-7575-562b-886e-f7a181b4117f', '203d74c7-61cc-5297-91b6-7b9687f6d4b3', 'Blood Test Full Panel', '86903', 2, 308.11, 0.00, 616.22, '2025-09-04 00:00:00'),
    ('e6a60718-1495-5803-ad9d-0fd0c5ccf20c', '203d74c7-61cc-5297-91b6-7b9687f6d4b3', 'Kindergarten Monthly Fee', '85101', 1, 852.02, 0.00, 852.02, '2025-09-04 00:00:00'),
    ('749ea167-847a-5f3d-a354-85ece3caf836', '62756699-d38c-50b9-be7f-26c188924993', 'Monthly Internet Subscription', '61103', 1, 121.54, 0.00, 121.54, '2025-07-26 00:00:00'),
    ('09d7f51f-10fb-5647-ae5a-196a4230d8b1', '62756699-d38c-50b9-be7f-26c188924993', 'Sports Equipment', '47640', 1, 333.61, 0.00, 333.61, '2025-07-26 00:00:00'),
    ('747efaf2-84a0-5e4e-9b9c-7986c2a72e38', '098ce024-2280-58e1-a7ba-b65eccfb8d73', 'Sports Equipment', '47640', 1, 325.47, 0.00, 325.47, '2025-05-07 00:00:00'),
    ('2913ba29-f5c4-5005-a081-549319212a14', '353186c8-aa9a-5081-a369-0c5087583029', 'Professional Certification Fee', '85499', 1, 656.97, 0.00, 656.97, '2025-04-21 00:00:00'),
    ('e75842c8-b138-5755-8e2f-c505e9c6a94b', '6b941d2e-3990-5a20-8a9a-b06f9ab39767', 'Blood Test Full Panel', '86903', 2, 301.57, 0.00, 603.14, '2025-07-17 00:00:00'),
    ('3faa2091-5884-5763-be21-a587abf7e678', '6b941d2e-3990-5a20-8a9a-b06f9ab39767', 'Personal Finance Book', '47610', 1, 35.17, 0.00, 35.17, '2025-07-17 00:00:00'),
    ('b4ec5c47-2807-55b9-97da-1cdf65469a44', '6b941d2e-3990-5a20-8a9a-b06f9ab39767', 'Prescription Medicine', '21009', 2, 105.92, 0.00, 211.84, '2025-07-17 00:00:00'),
    ('e8bcf63d-8829-5bb2-8787-695da1084e40', '28e0204d-5902-5692-a80e-021d48c6ca84', 'Sports Equipment', '47640', 1, 363.25, 0.00, 363.25, '2025-04-04 00:00:00'),
    ('e890d0a3-00b7-5ef5-b398-fa5d0f31eafc', '28e0204d-5902-5692-a80e-021d48c6ca84', 'Prescription Medicine', '21009', 1, 159.02, 0.00, 159.02, '2025-04-04 00:00:00'),
    ('290cc354-d516-5b2d-a274-3187b6c6c298', '28e0204d-5902-5692-a80e-021d48c6ca84', 'Monthly Internet Subscription', '61103', 1, 124.75, 0.00, 124.75, '2025-04-04 00:00:00'),
    ('12e94a7d-e455-5e94-9144-ebbbe717ae5b', 'e52ccdd2-da2a-5819-884e-67de4fe18dd2', 'Monthly Internet Subscription', '61103', 1, 152.02, 0.00, 152.02, '2025-09-26 00:00:00'),
    ('ead9c698-aa87-5c9c-be26-ae6650486942', '6bc09df7-afbc-5b75-883c-26e59d4f7d9f', 'Kindergarten Monthly Fee', '85101', 1, 632.92, 0.00, 632.92, '2025-06-30 00:00:00'),
    ('a06ad388-de4f-5f05-8cb6-80a2ba76a3bb', '6bc09df7-afbc-5b75-883c-26e59d4f7d9f', 'Prescription Medicine', '21009', 1, 146.65, 0.00, 146.65, '2025-06-30 00:00:00'),
    ('34ab0601-ecfb-555f-85b0-ace2dc1a7685', '6ed5df91-043b-5cd9-943d-8f55f311a19d', 'Professional Certification Fee', '85499', 2, 1711.36, 0.00, 3422.72, '2025-09-05 00:00:00'),
    ('598ed34f-b9ad-5157-8eea-212ff1a958d5', '6ed5df91-043b-5cd9-943d-8f55f311a19d', 'Prescription Medicine', '21009', 1, 53.76, 0.00, 53.76, '2025-09-05 00:00:00'),
    ('fbeb5707-3afc-5498-bd93-33cb104aa955', 'e3df4f3e-2edc-52fd-8292-115cb78c2cdc', 'General Consultation', '86101', 1, 106.60, 0.00, 106.60, '2025-06-22 00:00:00'),
    ('ca25f9d9-e4d3-548d-bee1-f367fd8eba96', 'e3df4f3e-2edc-52fd-8292-115cb78c2cdc', 'Monthly Internet Subscription', '61103', 1, 112.43, 0.00, 112.43, '2025-06-22 00:00:00'),
    ('578750e9-e783-5a2d-b660-e92a16769497', '50624162-a154-59d8-bf4e-308e069c38c4', 'Personal Finance Book', '47610', 1, 125.22, 0.00, 125.22, '2025-09-27 00:00:00'),
    ('d9696ff0-465e-5966-9467-1a0d88dc8f71', '97448d64-8286-5f66-b2a1-d7e73e08f612', 'Sports Equipment', '47640', 2, 67.36, 0.00, 134.72, '2025-09-30 00:00:00'),
    ('75de929f-9de0-5495-ac4a-8726e2071bb4', '97448d64-8286-5f66-b2a1-d7e73e08f612', 'Personal Finance Book', '47610', 1, 148.61, 0.00, 148.61, '2025-09-30 00:00:00'),
    ('34091898-54f2-5845-ab9e-3c3ed6179986', '97448d64-8286-5f66-b2a1-d7e73e08f612', 'General Consultation', '86101', 1, 186.25, 0.00, 186.25, '2025-09-30 00:00:00'),
    ('2559b0d7-b648-56c6-a443-d96115f94607', '532a980d-c3be-51c2-a44d-f43533e54f7c', 'Professional Certification Fee', '85499', 2, 1806.72, 0.00, 3613.44, '2025-02-14 00:00:00'),
    ('8855c299-3031-597c-82d7-14f28a649aec', '53a378eb-4c0c-55ab-b933-6749a3f27465', 'Monthly Internet Subscription', '61103', 1, 134.63, 0.00, 134.63, '2025-04-11 00:00:00'),
    ('7477c913-55b3-5ec0-8491-d623bc0c9332', '53a378eb-4c0c-55ab-b933-6749a3f27465', 'Personal Finance Book', '47610', 1, 51.29, 0.00, 51.29, '2025-04-11 00:00:00'),
    ('eb5cde23-fd91-5145-9c33-c0ae622dc120', '3ee5059e-bb5d-53bf-ad5b-53f5253fc185', 'Prescription Medicine', '21009', 1, 144.16, 0.00, 144.16, '2025-01-18 00:00:00'),
    ('d32d1d32-dd92-57f0-a612-4321531b704a', '9e92e4bf-f7f5-5c16-bdae-10e3efac75dd', 'Blood Test Full Panel', '86903', 1, 166.04, 0.00, 166.04, '2025-10-10 00:00:00'),
    ('531f7cba-c972-560d-a675-6c8b8c4e0491', 'dd8f4e0c-d6c9-53da-8a5f-72b3a0d48f19', 'Parent Medical Checkup', '86102', 2, 584.55, 0.00, 1169.10, '2025-07-22 00:00:00'),
    ('98af7c03-b099-527c-b00c-6cfc30cf3aa3', 'dd8f4e0c-d6c9-53da-8a5f-72b3a0d48f19', 'Monthly Internet Subscription', '61103', 2, 172.00, 0.00, 344.00, '2025-07-22 00:00:00'),
    ('34fc4c46-4237-5e97-8676-703a99ba417b', 'dd8f4e0c-d6c9-53da-8a5f-72b3a0d48f19', 'Kindergarten Monthly Fee', '85101', 2, 743.34, 0.00, 1486.68, '2025-07-22 00:00:00'),
    ('7bbfbbc9-deb6-5889-bf1d-7b13fbdb046d', '0c1215d5-88b9-5d9d-9be8-25b683eb50a7', 'Parent Medical Checkup', '86102', 1, 536.36, 0.00, 536.36, '2025-05-23 00:00:00'),
    ('755ec220-87ae-5c51-bbf5-5af767c167db', '0c1215d5-88b9-5d9d-9be8-25b683eb50a7', 'Kindergarten Monthly Fee', '85101', 2, 681.39, 0.00, 1362.78, '2025-05-23 00:00:00'),
    ('394094e4-e2e9-5f0b-af67-fd975be70d12', '3e04adc2-89d4-56c5-b846-eb859183dc22', 'Professional Certification Fee', '85499', 1, 1869.16, 0.00, 1869.16, '2025-05-25 00:00:00'),
    ('41fa3d8c-0321-543a-8792-0a7d1af306f3', 'd24d5cdb-65b7-5117-9809-104f4a9319f3', 'Professional Certification Fee', '85499', 1, 1262.54, 0.00, 1262.54, '2025-01-19 00:00:00'),
    ('3462f508-7b8b-5e63-a40c-b0d105b4074a', 'd24d5cdb-65b7-5117-9809-104f4a9319f3', 'Sports Equipment', '47640', 1, 207.66, 0.00, 207.66, '2025-01-19 00:00:00'),
    ('cdb81cd4-4c1a-5a8f-acd0-1e0af6905dd8', 'd24d5cdb-65b7-5117-9809-104f4a9319f3', 'Kindergarten Monthly Fee', '85101', 1, 463.78, 0.00, 463.78, '2025-01-19 00:00:00'),
    ('0d61a509-bbe2-520e-b22e-daabc49b48b9', '662d05f7-61ac-5438-95fc-923b6baa6be1', 'General Consultation', '86101', 1, 166.75, 0.00, 166.75, '2025-01-20 00:00:00'),
    ('77ac7ae2-599f-5409-a216-d65e7143f2c3', '60ba8a3d-0164-5819-93ae-debfde855f79', 'Sports Equipment', '47640', 1, 301.07, 0.00, 301.07, '2025-10-08 00:00:00'),
    ('4dfb3563-69b7-54a5-b017-d65901f85d2f', '60ba8a3d-0164-5819-93ae-debfde855f79', 'Blood Test Full Panel', '86903', 1, 129.10, 0.00, 129.10, '2025-10-08 00:00:00'),
    ('2287d567-1290-54b0-b4d3-572db424e0aa', '60ba8a3d-0164-5819-93ae-debfde855f79', 'Monthly Internet Subscription', '61103', 1, 142.01, 0.00, 142.01, '2025-10-08 00:00:00'),
    ('fed155ce-9a90-5cf9-a8b8-4ac14cc969c6', '6a90c1d2-d500-55e5-a4c5-78f580e13413', 'Monthly Internet Subscription', '61103', 2, 146.41, 0.00, 292.82, '2025-10-10 00:00:00'),
    ('85ab0b04-b571-5e6d-9ed2-56e0fd5a9be7', '6a90c1d2-d500-55e5-a4c5-78f580e13413', 'General Consultation', '86101', 1, 189.34, 0.00, 189.34, '2025-10-10 00:00:00'),
    ('b2b6cfa0-07cd-52e7-a30e-715ce2ec1ef8', '4cdd48f1-a275-5c3e-9cd3-f20511d44b69', 'Parent Medical Checkup', '86102', 2, 467.02, 0.00, 934.04, '2025-11-16 00:00:00'),
    ('ab488930-aa38-5100-bdb5-9fec95798e5e', '4cdd48f1-a275-5c3e-9cd3-f20511d44b69', 'General Consultation', '86101', 1, 217.73, 0.00, 217.73, '2025-11-16 00:00:00'),
    ('df381f3f-9c6f-58ca-8f96-7dda0e2fe9d7', '4cdd48f1-a275-5c3e-9cd3-f20511d44b69', 'Sports Equipment', '47640', 1, 218.12, 0.00, 218.12, '2025-11-16 00:00:00'),
    ('b28c546d-4206-5d6e-bfc2-97c8af42a62e', '49a1cd65-2ddd-579b-93c9-7fedc2d4b79a', 'Professional Certification Fee', '85499', 1, 1510.79, 0.00, 1510.79, '2025-10-13 00:00:00'),
    ('5b7339eb-754f-5498-b689-ce07cba67524', 'd6c594b0-f88f-5059-b527-7ff7dadaa615', 'Monthly Internet Subscription', '61103', 1, 137.89, 0.00, 137.89, '2025-07-18 00:00:00'),
    ('2ea1f001-ccac-552c-8cab-39ffedabfda4', '10b922b2-3b10-52f2-b49a-4783974adbdb', 'General Consultation', '86101', 1, 162.47, 0.00, 162.47, '2025-01-15 00:00:00'),
    ('a52547df-f451-5ae5-8872-3d3cf71a8ddd', 'f28519bd-b1fa-55c2-8a90-751042f81ba4', 'General Consultation', '86101', 2, 86.24, 0.00, 172.48, '2025-01-21 00:00:00'),
    ('5e5bbaf1-bf79-5092-975c-0484e6fdddb6', 'b5986ac8-fe21-5898-a8fb-2b1dd66e9e1b', 'Monthly Internet Subscription', '61103', 1, 136.92, 0.00, 136.92, '2025-05-26 00:00:00'),
    ('1305cccc-0ee7-523d-b816-9ac70b127ab5', 'ed04800b-8f5d-5aa8-b4b6-3e2bbc797043', 'Professional Certification Fee', '85499', 1, 631.72, 0.00, 631.72, '2025-05-08 00:00:00'),
    ('e9f59f72-642e-5c1f-a069-75af365f2bbf', 'ed04800b-8f5d-5aa8-b4b6-3e2bbc797043', 'Sports Equipment', '47640', 1, 349.29, 0.00, 349.29, '2025-05-08 00:00:00'),
    ('781bce78-d2d3-522e-8bb8-331ef04527ad', '7876182f-c37a-5f94-9b60-937eb916bd03', 'Sports Equipment', '47640', 1, 239.82, 0.00, 239.82, '2025-08-15 00:00:00'),
    ('9170b5aa-e807-5229-9316-44b59b59d9a1', '7876182f-c37a-5f94-9b60-937eb916bd03', 'General Consultation', '86101', 1, 183.03, 0.00, 183.03, '2025-08-15 00:00:00'),
    ('a0dce3e1-541c-5205-ab13-1742770b451e', '4a01411d-f6b5-5f2f-8739-b5c664790b6e', 'Kindergarten Monthly Fee', '85101', 1, 775.25, 0.00, 775.25, '2025-04-03 00:00:00'),
    ('89811975-fc91-5bbe-8fbd-5c632e351bde', '0f497dba-b24a-5389-879d-2f804044da05', 'Parent Medical Checkup', '86102', 2, 449.40, 0.00, 898.80, '2025-03-30 00:00:00'),
    ('270c699d-47db-543d-9793-2ad493299ffa', 'f9b424a7-44f7-590d-95d6-b1e0a8b5fe06', 'Blood Test Full Panel', '86903', 1, 149.41, 0.00, 149.41, '2025-06-20 00:00:00');

INSERT INTO categorized_items (id, user_id, line_item_id, relief_code, eligible_amount, confidence, status, assessment_year, categorized_at) VALUES
    ('20e53e44-07e2-596d-936b-ebf8644dd8f5', '0cc3f1cd-3fb2-5808-a4fa-e25aad6b31df', 'f03e35ce-0661-5a60-ab2f-14a50d7cde55', 'MEDICAL_SELF', 118.83, 1.00, 'AUTO', 'YA2025', '2025-09-24 00:00:00'),
    ('0724d281-ffad-56b3-93bc-d4df894857a3', '0cc3f1cd-3fb2-5808-a4fa-e25aad6b31df', 'aa0e3461-4654-5277-94b6-c007dbad765f', 'MEDICAL_SELF', 270.67, 0.95, 'AUTO', 'YA2025', '2025-09-24 00:00:00'),
    ('13d41ba7-6608-559f-a359-fd9c496e6a5d', '0cc3f1cd-3fb2-5808-a4fa-e25aad6b31df', '4fcef307-ac5b-5b0f-a80a-1b35166332fc', 'CHILDCARE', 731.93, 1.00, 'AUTO', 'YA2025', '2025-09-24 00:00:00'),
    ('23a62523-4bf7-554b-99d2-e094c55bc1e6', '0cc3f1cd-3fb2-5808-a4fa-e25aad6b31df', 'e90917f6-e9da-5f6d-9b96-32cb9a29b0b2', 'LIFESTYLE', 63.77, 0.98, 'AUTO', 'YA2025', '2025-01-13 00:00:00'),
    ('9a5f4578-90c2-544a-9ad0-0f3cb4607669', '0cc3f1cd-3fb2-5808-a4fa-e25aad6b31df', 'fe184528-6fac-5c26-9346-7f0bcc2bf6ae', 'LIFESTYLE', 138.93, 0.87, 'AUTO', 'YA2025', '2025-01-13 00:00:00'),
    ('5f2410d7-b71a-50f0-8d29-8718b986f0b1', '0cc3f1cd-3fb2-5808-a4fa-e25aad6b31df', '4a8dae33-f987-5fd7-90fe-4d2221d006dd', 'LIFESTYLE', 81.05, 0.87, 'AUTO', 'YA2025', '2025-09-04 00:00:00'),
    ('6ba99b0e-0c25-5e8d-9e9f-1712e0fa3651', '0cc3f1cd-3fb2-5808-a4fa-e25aad6b31df', '503a493e-7575-562b-886e-f7a181b4117f', 'MEDICAL_SELF', 616.22, 0.95, 'AUTO', 'YA2025', '2025-09-04 00:00:00'),
    ('cf5a72a6-14e8-5e6e-bd9f-5c26609f65a4', '0cc3f1cd-3fb2-5808-a4fa-e25aad6b31df', 'e6a60718-1495-5803-ad9d-0fd0c5ccf20c', 'CHILDCARE', 852.02, 0.98, 'AUTO', 'YA2025', '2025-09-04 00:00:00'),
    ('1d91e567-516e-5daa-9f74-260decfd924e', '0cc3f1cd-3fb2-5808-a4fa-e25aad6b31df', '749ea167-847a-5f3d-a354-85ece3caf836', 'LIFESTYLE', 121.54, 0.87, 'AUTO', 'YA2025', '2025-07-26 00:00:00'),
    ('e7a83497-a48b-51f2-9582-9bb481a27cb3', '0cc3f1cd-3fb2-5808-a4fa-e25aad6b31df', '09d7f51f-10fb-5647-ae5a-196a4230d8b1', 'LIFESTYLE', 333.61, 0.91, 'AUTO', 'YA2025', '2025-07-26 00:00:00'),
    ('d5684cbb-6eee-5ba6-971a-51a2e5128750', '0cc3f1cd-3fb2-5808-a4fa-e25aad6b31df', '747efaf2-84a0-5e4e-9b9c-7986c2a72e38', 'LIFESTYLE', 325.47, 1.00, 'AUTO', 'YA2025', '2025-05-07 00:00:00'),
    ('652d78b8-85ee-5dfc-9d98-bd7936918e10', '0cc3f1cd-3fb2-5808-a4fa-e25aad6b31df', '2913ba29-f5c4-5005-a081-549319212a14', 'EDUCATION_SELF', 656.97, 1.00, 'AUTO', 'YA2025', '2025-04-21 00:00:00'),
    ('daf8c2d2-1f34-593b-9f7f-e0a25f0e187e', '0cc3f1cd-3fb2-5808-a4fa-e25aad6b31df', 'e75842c8-b138-5755-8e2f-c505e9c6a94b', 'MEDICAL_SELF', 603.14, 0.98, 'AUTO', 'YA2025', '2025-07-17 00:00:00'),
    ('df50c841-e77e-5e10-96ab-0b0849b5d67b', '0cc3f1cd-3fb2-5808-a4fa-e25aad6b31df', '3faa2091-5884-5763-be21-a587abf7e678', 'LIFESTYLE', 35.17, 0.98, 'AUTO', 'YA2025', '2025-07-17 00:00:00'),
    ('a3e23f28-9b31-5a99-8caa-3cd0323b039c', '0cc3f1cd-3fb2-5808-a4fa-e25aad6b31df', 'b4ec5c47-2807-55b9-97da-1cdf65469a44', 'MEDICAL_SELF', 211.84, 1.00, 'AUTO', 'YA2025', '2025-07-17 00:00:00'),
    ('8fdaf6b5-04c2-508d-9a17-fe9ab6ab278c', '0cc3f1cd-3fb2-5808-a4fa-e25aad6b31df', 'e8bcf63d-8829-5bb2-8787-695da1084e40', 'LIFESTYLE', 363.25, 0.98, 'AUTO', 'YA2025', '2025-04-04 00:00:00'),
    ('6de098c2-d04e-5c86-a95f-e7aaf37b6dc0', '0cc3f1cd-3fb2-5808-a4fa-e25aad6b31df', 'e890d0a3-00b7-5ef5-b398-fa5d0f31eafc', 'MEDICAL_SELF', 159.02, 0.95, 'AUTO', 'YA2025', '2025-04-04 00:00:00'),
    ('22552e89-699e-5223-a25a-c28e49584791', '0cc3f1cd-3fb2-5808-a4fa-e25aad6b31df', '290cc354-d516-5b2d-a274-3187b6c6c298', 'LIFESTYLE', 124.75, 0.87, 'AUTO', 'YA2025', '2025-04-04 00:00:00'),
    ('edf7aa11-b265-57c3-8d20-3b9da50a9069', '0cc3f1cd-3fb2-5808-a4fa-e25aad6b31df', '12e94a7d-e455-5e94-9144-ebbbe717ae5b', 'LIFESTYLE', 152.02, 1.00, 'AUTO', 'YA2025', '2025-09-26 00:00:00'),
    ('e453cd4c-4766-54a0-b35a-c73cf87d88c5', '0cc3f1cd-3fb2-5808-a4fa-e25aad6b31df', 'ead9c698-aa87-5c9c-be26-ae6650486942', 'CHILDCARE', 632.92, 0.95, 'AUTO', 'YA2025', '2025-06-30 00:00:00'),
    ('8b058a47-ea12-5b0e-bf77-0d058e1af5d0', '0cc3f1cd-3fb2-5808-a4fa-e25aad6b31df', 'a06ad388-de4f-5f05-8cb6-80a2ba76a3bb', 'MEDICAL_SELF', 146.65, 0.87, 'AUTO', 'YA2025', '2025-06-30 00:00:00'),
    ('1bf940e7-3cd4-5785-9839-866983598e5c', '0cc3f1cd-3fb2-5808-a4fa-e25aad6b31df', '34ab0601-ecfb-555f-85b0-ace2dc1a7685', 'EDUCATION_SELF', 3422.72, 1.00, 'AUTO', 'YA2025', '2025-09-05 00:00:00'),
    ('078a467b-7dec-5659-bb98-08a405523d04', '0cc3f1cd-3fb2-5808-a4fa-e25aad6b31df', '598ed34f-b9ad-5157-8eea-212ff1a958d5', 'MEDICAL_SELF', 53.76, 0.87, 'AUTO', 'YA2025', '2025-09-05 00:00:00'),
    ('a423ea89-7c99-5575-ac01-a7576fa71d49', '0cc3f1cd-3fb2-5808-a4fa-e25aad6b31df', 'fbeb5707-3afc-5498-bd93-33cb104aa955', 'MEDICAL_SELF', 106.60, 0.87, 'AUTO', 'YA2025', '2025-06-22 00:00:00'),
    ('65968e32-8a6b-595d-a440-d3f5d39ac15f', '0cc3f1cd-3fb2-5808-a4fa-e25aad6b31df', 'ca25f9d9-e4d3-548d-bee1-f367fd8eba96', 'LIFESTYLE', 112.43, 0.91, 'AUTO', 'YA2025', '2025-06-22 00:00:00'),
    ('3dbad9f2-1aad-5a84-96a0-e3058404595d', '0aab4d21-a609-54c2-a7c5-a395011b5b9c', '578750e9-e783-5a2d-b660-e92a16769497', 'LIFESTYLE', 125.22, 1.00, 'AUTO', 'YA2025', '2025-09-27 00:00:00'),
    ('5fe7d6ff-160f-5461-a0cf-8989aafa58a8', '0aab4d21-a609-54c2-a7c5-a395011b5b9c', 'd9696ff0-465e-5966-9467-1a0d88dc8f71', 'LIFESTYLE', 134.72, 0.91, 'AUTO', 'YA2025', '2025-09-30 00:00:00'),
    ('a007ac3c-4c6d-5ca2-bfa3-6b09792e40c5', '0aab4d21-a609-54c2-a7c5-a395011b5b9c', '75de929f-9de0-5495-ac4a-8726e2071bb4', 'LIFESTYLE', 148.61, 0.87, 'AUTO', 'YA2025', '2025-09-30 00:00:00'),
    ('34cc6dfa-6e1c-5c19-92f5-4d0acb659d71', '0aab4d21-a609-54c2-a7c5-a395011b5b9c', '34091898-54f2-5845-ab9e-3c3ed6179986', 'MEDICAL_SELF', 186.25, 0.91, 'AUTO', 'YA2025', '2025-09-30 00:00:00'),
    ('3b39c626-7853-543c-b242-b2dc8c567a70', '0aab4d21-a609-54c2-a7c5-a395011b5b9c', '2559b0d7-b648-56c6-a443-d96115f94607', 'EDUCATION_SELF', 3613.44, 1.00, 'AUTO', 'YA2025', '2025-02-14 00:00:00'),
    ('f4dc10e0-fda9-53ab-a5d8-c3ef34b66788', '0aab4d21-a609-54c2-a7c5-a395011b5b9c', '8855c299-3031-597c-82d7-14f28a649aec', 'LIFESTYLE', 134.63, 0.91, 'AUTO', 'YA2025', '2025-04-11 00:00:00'),
    ('8c4677b7-8e4a-5a97-af9a-34918191ed77', '0aab4d21-a609-54c2-a7c5-a395011b5b9c', '7477c913-55b3-5ec0-8491-d623bc0c9332', 'LIFESTYLE', 51.29, 1.00, 'AUTO', 'YA2025', '2025-04-11 00:00:00'),
    ('1b486592-28f5-523d-98af-0dd0711d99e3', '0aab4d21-a609-54c2-a7c5-a395011b5b9c', 'eb5cde23-fd91-5145-9c33-c0ae622dc120', 'MEDICAL_SELF', 144.16, 0.95, 'AUTO', 'YA2025', '2025-01-18 00:00:00'),
    ('6491b973-adab-5625-9c8c-8bda5e4ab69a', '0aab4d21-a609-54c2-a7c5-a395011b5b9c', 'd32d1d32-dd92-57f0-a612-4321531b704a', 'MEDICAL_SELF', 166.04, 0.91, 'AUTO', 'YA2025', '2025-10-10 00:00:00'),
    ('65e020c6-14f0-55af-91e2-08e6d92b7fa4', '0aab4d21-a609-54c2-a7c5-a395011b5b9c', '531f7cba-c972-560d-a675-6c8b8c4e0491', 'PARENT_MEDICAL', 1169.10, 0.87, 'AUTO', 'YA2025', '2025-07-22 00:00:00'),
    ('90dea235-2bf5-5f34-81df-6047eacc2219', '0aab4d21-a609-54c2-a7c5-a395011b5b9c', '98af7c03-b099-527c-b00c-6cfc30cf3aa3', 'LIFESTYLE', 344.00, 0.87, 'AUTO', 'YA2025', '2025-07-22 00:00:00'),
    ('63d84924-beb9-5c92-bc64-988902f48ea8', '0aab4d21-a609-54c2-a7c5-a395011b5b9c', '34fc4c46-4237-5e97-8676-703a99ba417b', 'CHILDCARE', 1486.68, 0.98, 'AUTO', 'YA2025', '2025-07-22 00:00:00'),
    ('f43aca1e-84c7-5fe3-825e-175b814645d5', '0aab4d21-a609-54c2-a7c5-a395011b5b9c', '7bbfbbc9-deb6-5889-bf1d-7b13fbdb046d', 'PARENT_MEDICAL', 536.36, 0.87, 'AUTO', 'YA2025', '2025-05-23 00:00:00'),
    ('74c8fada-473f-58aa-b409-fb828164f1cc', '0aab4d21-a609-54c2-a7c5-a395011b5b9c', '755ec220-87ae-5c51-bbf5-5af767c167db', 'CHILDCARE', 1362.78, 0.87, 'AUTO', 'YA2025', '2025-05-23 00:00:00'),
    ('73589136-a802-5650-b0e9-4e0ebc1f2c96', '0aab4d21-a609-54c2-a7c5-a395011b5b9c', '394094e4-e2e9-5f0b-af67-fd975be70d12', 'EDUCATION_SELF', 1869.16, 0.98, 'AUTO', 'YA2025', '2025-05-25 00:00:00'),
    ('3dfceae1-cc5b-5607-b148-5f43e8705b61', '0aab4d21-a609-54c2-a7c5-a395011b5b9c', '41fa3d8c-0321-543a-8792-0a7d1af306f3', 'EDUCATION_SELF', 1262.54, 0.98, 'AUTO', 'YA2025', '2025-01-19 00:00:00'),
    ('8376a452-5e3b-5ef7-aeea-e734c8e759e5', '0aab4d21-a609-54c2-a7c5-a395011b5b9c', '3462f508-7b8b-5e63-a40c-b0d105b4074a', 'LIFESTYLE', 207.66, 0.91, 'AUTO', 'YA2025', '2025-01-19 00:00:00'),
    ('d8d3d812-afb4-55a0-9090-8cf1db4e4ea0', '0aab4d21-a609-54c2-a7c5-a395011b5b9c', 'cdb81cd4-4c1a-5a8f-acd0-1e0af6905dd8', 'CHILDCARE', 150.54, 1.00, 'AUTO', 'YA2025', '2025-01-19 00:00:00'),
    ('8c5cdd08-c29d-55a3-84d5-eb7eee9b4740', '0aab4d21-a609-54c2-a7c5-a395011b5b9c', '0d61a509-bbe2-520e-b22e-daabc49b48b9', 'MEDICAL_SELF', 166.75, 0.87, 'AUTO', 'YA2025', '2025-01-20 00:00:00'),
    ('f8d46cec-8968-512a-956a-e37a2e736b72', '0aab4d21-a609-54c2-a7c5-a395011b5b9c', '77ac7ae2-599f-5409-a216-d65e7143f2c3', 'LIFESTYLE', 301.07, 0.87, 'AUTO', 'YA2025', '2025-10-08 00:00:00'),
    ('1f5c8d57-10cd-5268-8a6d-aaf3a65f4cbc', '0aab4d21-a609-54c2-a7c5-a395011b5b9c', '4dfb3563-69b7-54a5-b017-d65901f85d2f', 'MEDICAL_SELF', 129.10, 0.91, 'AUTO', 'YA2025', '2025-10-08 00:00:00'),
    ('82e6a7b2-9f0e-5515-ac4f-6c6d46208cc0', '0aab4d21-a609-54c2-a7c5-a395011b5b9c', '2287d567-1290-54b0-b4d3-572db424e0aa', 'LIFESTYLE', 142.01, 0.98, 'AUTO', 'YA2025', '2025-10-08 00:00:00'),
    ('f50331e2-ee27-5a65-ade2-b5068d1232ff', 'aec212d1-066d-5760-8b5d-03816dcf15ee', 'fed155ce-9a90-5cf9-a8b8-4ac14cc969c6', 'LIFESTYLE', 292.82, 0.91, 'AUTO', 'YA2025', '2025-10-10 00:00:00'),
    ('5e6a83dd-c3db-562c-a172-1d17b51e1127', 'aec212d1-066d-5760-8b5d-03816dcf15ee', '85ab0b04-b571-5e6d-9ed2-56e0fd5a9be7', 'MEDICAL_SELF', 189.34, 0.95, 'AUTO', 'YA2025', '2025-10-10 00:00:00'),
    ('af804e9e-1b53-5c9e-879d-0efcb62de841', 'aec212d1-066d-5760-8b5d-03816dcf15ee', 'b2b6cfa0-07cd-52e7-a30e-715ce2ec1ef8', 'PARENT_MEDICAL', 934.04, 1.00, 'AUTO', 'YA2025', '2025-11-16 00:00:00'),
    ('598b913b-f8d1-547f-92a4-6c20e1b91257', 'aec212d1-066d-5760-8b5d-03816dcf15ee', 'ab488930-aa38-5100-bdb5-9fec95798e5e', 'MEDICAL_SELF', 217.73, 0.91, 'AUTO', 'YA2025', '2025-11-16 00:00:00'),
    ('d7eb16c8-faf4-5901-a577-c446514f00ca', 'aec212d1-066d-5760-8b5d-03816dcf15ee', 'df381f3f-9c6f-58ca-8f96-7dda0e2fe9d7', 'LIFESTYLE', 218.12, 0.95, 'AUTO', 'YA2025', '2025-11-16 00:00:00'),
    ('b9075e9d-953b-5209-b13b-696fab301f78', 'aec212d1-066d-5760-8b5d-03816dcf15ee', 'b28c546d-4206-5d6e-bfc2-97c8af42a62e', 'EDUCATION_SELF', 1510.79, 0.91, 'AUTO', 'YA2025', '2025-10-13 00:00:00'),
    ('b4fd77a1-444b-50de-9430-c5ccbd062819', 'aec212d1-066d-5760-8b5d-03816dcf15ee', '5b7339eb-754f-5498-b689-ce07cba67524', 'LIFESTYLE', 137.89, 0.87, 'AUTO', 'YA2025', '2025-07-18 00:00:00'),
    ('abd76890-01fb-5cb7-8626-0f8aaa2aa798', 'aec212d1-066d-5760-8b5d-03816dcf15ee', '2ea1f001-ccac-552c-8cab-39ffedabfda4', 'MEDICAL_SELF', 162.47, 0.87, 'AUTO', 'YA2025', '2025-01-15 00:00:00'),
    ('962573bb-aff9-5822-8e1f-910bf0d078b5', 'aec212d1-066d-5760-8b5d-03816dcf15ee', 'a52547df-f451-5ae5-8872-3d3cf71a8ddd', 'MEDICAL_SELF', 172.48, 0.95, 'AUTO', 'YA2025', '2025-01-21 00:00:00'),
    ('82417a60-34c4-5a02-95c5-adad0df5ee9c', 'aec212d1-066d-5760-8b5d-03816dcf15ee', '5e5bbaf1-bf79-5092-975c-0484e6fdddb6', 'LIFESTYLE', 136.92, 0.87, 'AUTO', 'YA2025', '2025-05-26 00:00:00'),
    ('86811d5a-44f6-536d-8501-7e239c12f2fc', 'aec212d1-066d-5760-8b5d-03816dcf15ee', '1305cccc-0ee7-523d-b816-9ac70b127ab5', 'EDUCATION_SELF', 631.72, 0.91, 'AUTO', 'YA2025', '2025-05-08 00:00:00'),
    ('7f9d90a9-100a-5a1f-8872-0b240ac44abd', 'aec212d1-066d-5760-8b5d-03816dcf15ee', 'e9f59f72-642e-5c1f-a069-75af365f2bbf', 'LIFESTYLE', 349.29, 0.98, 'AUTO', 'YA2025', '2025-05-08 00:00:00'),
    ('d2cb4d1c-3ba4-5cb1-aa64-0bcff89334fd', 'aec212d1-066d-5760-8b5d-03816dcf15ee', '781bce78-d2d3-522e-8bb8-331ef04527ad', 'LIFESTYLE', 239.82, 0.87, 'AUTO', 'YA2025', '2025-08-15 00:00:00'),
    ('43dc8274-d982-5f21-bda8-d64312066b21', 'aec212d1-066d-5760-8b5d-03816dcf15ee', '9170b5aa-e807-5229-9316-44b59b59d9a1', 'MEDICAL_SELF', 183.03, 0.91, 'AUTO', 'YA2025', '2025-08-15 00:00:00'),
    ('a9ab991a-3558-5f7b-acd4-6a3ee2837a23', 'aec212d1-066d-5760-8b5d-03816dcf15ee', 'a0dce3e1-541c-5205-ab13-1742770b451e', 'CHILDCARE', 775.25, 0.87, 'AUTO', 'YA2025', '2025-04-03 00:00:00'),
    ('80c7b2d4-8b04-56ce-a2db-2b9d3d4b4134', 'aec212d1-066d-5760-8b5d-03816dcf15ee', '89811975-fc91-5bbe-8fbd-5c632e351bde', 'PARENT_MEDICAL', 898.80, 0.87, 'AUTO', 'YA2025', '2025-03-30 00:00:00'),
    ('419f98d5-6386-5e8e-8f0d-285e3eb85e84', 'aec212d1-066d-5760-8b5d-03816dcf15ee', '270c699d-47db-543d-9793-2ad493299ffa', 'MEDICAL_SELF', 149.41, 1.00, 'AUTO', 'YA2025', '2025-06-20 00:00:00');

INSERT INTO relief_summary (id, user_id, assessment_year, relief_code, max_amount, claimed_amount, remaining_quota, item_count, last_updated) VALUES
    ('7e091289-1f1e-52f1-9716-e3e7e1195f3c', '0aab4d21-a609-54c2-a7c5-a395011b5b9c', 'YA2025', 'CHILDCARE', 3000.00, 3000.00, 0.00, 3, '2025-12-31 23:59:00'),
    ('7c2950b2-d42c-581a-80ee-69b693f3d3f8', '0aab4d21-a609-54c2-a7c5-a395011b5b9c', 'YA2025', 'EDUCATION_SELF', 7000.00, 6745.14, 254.86, 3, '2025-12-31 23:59:00'),
    ('866fe4d1-a524-52c7-8006-8dc5746408ce', '0aab4d21-a609-54c2-a7c5-a395011b5b9c', 'YA2025', 'INDIVIDUAL', 9000.00, 9000.00, 0.00, 1, '2025-12-31 23:59:00'),
    ('1e5a0862-fe29-589d-a0cf-37144d26c78b', '0aab4d21-a609-54c2-a7c5-a395011b5b9c', 'YA2025', 'LIFESTYLE', 2500.00, 1589.21, 910.79, 9, '2025-12-31 23:59:00'),
    ('20b4fd12-bec7-5a33-81d9-5da6136d8509', '0aab4d21-a609-54c2-a7c5-a395011b5b9c', 'YA2025', 'MEDICAL_SELF', 10000.00, 792.30, 9207.70, 5, '2025-12-31 23:59:00'),
    ('eed114cd-6841-59c6-b6c3-cc54f8d008cb', '0aab4d21-a609-54c2-a7c5-a395011b5b9c', 'YA2025', 'PARENT_MEDICAL', 8000.00, 1705.46, 6294.54, 2, '2025-12-31 23:59:00'),
    ('96adc840-bbbd-5f69-8ed0-b87f4f2b7e82', '0cc3f1cd-3fb2-5808-a4fa-e25aad6b31df', 'YA2025', 'CHILDCARE', 3000.00, 2216.87, 783.13, 3, '2025-12-31 23:59:00'),
    ('cddaf91c-b1a3-5763-86cc-b4ca3edeb653', '0cc3f1cd-3fb2-5808-a4fa-e25aad6b31df', 'YA2025', 'EDUCATION_SELF', 7000.00, 4079.69, 2920.31, 2, '2025-12-31 23:59:00'),
    ('ba43ab4c-024e-5acd-b381-2befc74e29fc', '0cc3f1cd-3fb2-5808-a4fa-e25aad6b31df', 'YA2025', 'INDIVIDUAL', 9000.00, 9000.00, 0.00, 1, '2025-12-31 23:59:00'),
    ('a7ad8d2d-de3e-5a24-a2eb-00255db4371d', '0cc3f1cd-3fb2-5808-a4fa-e25aad6b31df', 'YA2025', 'LIFESTYLE', 2500.00, 1851.99, 648.01, 11, '2025-12-31 23:59:00'),
    ('1da5eefb-12c4-5e9a-8411-e4297d094866', '0cc3f1cd-3fb2-5808-a4fa-e25aad6b31df', 'YA2025', 'MEDICAL_SELF', 10000.00, 2286.73, 7713.27, 9, '2025-12-31 23:59:00'),
    ('92d68fe7-737e-5b22-b66c-53232719d3ef', 'aec212d1-066d-5760-8b5d-03816dcf15ee', 'YA2025', 'CHILDCARE', 3000.00, 775.25, 2224.75, 1, '2025-12-31 23:59:00'),
    ('a53422da-f728-525c-befc-8931e5f8d42d', 'aec212d1-066d-5760-8b5d-03816dcf15ee', 'YA2025', 'EDUCATION_SELF', 7000.00, 2142.51, 4857.49, 2, '2025-12-31 23:59:00'),
    ('7f9a056a-b53f-5b1c-ac2d-93dd07d9e472', 'aec212d1-066d-5760-8b5d-03816dcf15ee', 'YA2025', 'INDIVIDUAL', 9000.00, 9000.00, 0.00, 1, '2025-12-31 23:59:00'),
    ('fa93939d-9e52-5d70-af2e-b828ca15ce58', 'aec212d1-066d-5760-8b5d-03816dcf15ee', 'YA2025', 'LIFESTYLE', 2500.00, 1374.86, 1125.14, 6, '2025-12-31 23:59:00'),
    ('f596ae2d-fd31-5597-9a0b-649a6bb0e009', 'aec212d1-066d-5760-8b5d-03816dcf15ee', 'YA2025', 'MEDICAL_SELF', 10000.00, 1074.46, 8925.54, 6, '2025-12-31 23:59:00'),
    ('57d42071-eb87-5af2-b2fe-b5857fe686d1', 'aec212d1-066d-5760-8b5d-03816dcf15ee', 'YA2025', 'PARENT_MEDICAL', 8000.00, 1832.84, 6167.16, 2, '2025-12-31 23:59:00');

COMMIT;
